epoch,time,train/box_loss,train/cls_loss,train/dfl_loss,metrics/precision(B),metrics/recall(B),metrics/mAP50(B),metrics/mAP50-95(B),val/box_loss,val/cls_loss,val/dfl_loss,lr/pg0,lr/pg1,lr/pg2
1,318.015,2.56098,6.73796,1.98602,0.74914,0.62478,0.63337,0.31954,1.75159,2.38339,1.42687,0.00021109,0.00021109,0.00021109
2,616.237,1.63307,3.4421,1.23381,0.45822,0.51551,0.52159,0.30992,1.55874,2.07117,1.51913,0.000432118,0.000432118,0.000432118
3,958.473,1.44129,3.3537,1.25752,0.65622,0.42839,0.39865,0.2468,1.34758,2.88895,1.34443,0.00064842,0.00064842,0.00064842
4,1287.56,1.67934,3.3615,1.39387,0.74567,0.30866,0.46038,0.26601,1.44789,10.7977,1.37826,0.000856488,0.000856488,0.000856488
5,1618.75,2.02366,2.94054,1.58454,0.40378,0.45398,0.39553,0.15242,1.88953,6.24456,1.54616,0.00105296,0.00105296,0.00105296
6,1960.15,1.88131,3.02429,1.57819,0.01029,0.12135,0.00645,0.00287,2.28592,inf,2.80473,0.00103754,0.00103754,0.00103754
